day,articles
20160901,49
20160902,71
20160903,55
20160904,56
20160905,43
20160906,96
20160907,68
20160908,198
20160909,173
20160910,20
20160911,9
20160912,59
20160913,88
20160914,72
20160915,115
20160916,103
20160917,17
20160918,12
20160919,115
20160920,233
20160921,428
20160922,214
20160923,109
20160924,19
20160925,14
20160926,32
20160927,63
20160928,147
20160929,131
20160930,563
20161001,60
20161002,17
20161003,180
20161004,215
20161005,236
20161006,261
20161007,197
20161008,41
20161009,27
20161010,56
20161011,100
20161012,69
20161013,91
20161014,83
20161015,18
20161016,8
20161017,143
20161018,53
20161019,34
20161020,35
20161021,37
20161022,15
20161023,12
20161024,19
20161025,72
20161026,44
20161027,53
20161028,62
20161029,13
20161030,4
20161031,102
20161101,44
20161102,51
20161103,80
20161104,43
20161105,49
20161106,7
20161107,25
20161108,38
20161109,66
20161110,36
20161111,158
20161112,31
20161113,5
20161114,30