day,category,articles
20260801,student_threat,2
20260803,student_threat,18
20260804,other,1
20260804,student_threat,19
20260805,other,4
20260805,student_threat,10
20260806,other,2
20260806,pandemic,1
20260806,student_threat,9
20260807,student_threat,7
20260808,other,1
20260808,student_threat,6
20260809,pandemic,1
20260809,student_threat,2
20260810,other,5
20260810,pandemic,2
20260810,student_threat,6
20260811,other,2
20260811,school_board,1
20260811,shooting_event,1
20260811,student_threat,21
20260812,school_board,1
20260812,student_threat,11
20260813,other,3
20260813,student_threat,16
20260814,other,3
20260814,student_threat,18
20260815,student_threat,13
20260816,pandemic,4
20260816,student_threat,4
20260817,other,1
20260817,student_threat,8
20260818,other,1
20260818,school_board,1
20260818,student_threat,31
20260819,other,1
20260819,shooting_event,1
20260819,student_threat,20
20260820,other,4
20260820,student_threat,17
20260821,other,8
20260821,pandemic,1
20260821,student_threat,38
20260822,other,1
20260822,student_threat,42
20260823,other,1
20260823,student_threat,37
20260824,other,5
20260824,student_threat,39
20260825,other,5
20260825,student_threat,55
20260826,other,5
20260826,shooting_event,1
20260826,student_threat,75
20260827,other,16
20260827,pandemic,2
20260827,student_threat,46
20260828,other,11
20260828,pandemic,1
20260828,school_board,1
20260828,student_threat,31
20260829,other,2
20260829,pandemic,1
20260829,student_threat,9
20260830,student_threat,9
20260831,other,2
20260831,school_board,2
20260831,student_threat,44
20260901,other,7
20260901,pandemic,2
20260901,school_board,1
20260901,student_threat,30
20260902,other,8
20260902,pandemic,1
20260902,school_board,1
20260902,shooting_event,4
20260902,student_threat,58
20260903,other,3
20260903,shooting_event,5
20260903,student_threat,50
20260904,other,5
20260904,school_board,1
20260904,student_threat,31
20260905,other,1
20260905,student_threat,18
20260906,student_threat,5
20260907,student_threat,10
20260908,shooting_event,2
20260908,student_threat,17
20260909,other,9
20260909,student_threat,37
20260910,other,6
20260910,shooting_event,1
20260910,student_threat,35
20260911,other,10
20260911,student_threat,22
20260912,other,2
20260912,pandemic,2
20260912,student_threat,5
20260913,student_threat,4
20260914,student_threat,31
20260915,other,6
20260915,school_board,1
20260915,shooting_event,1
20260915,student_threat,43
20260916,other,1
20260916,pandemic,4
20260916,school_board,1
20260916,student_threat,16
20260917,other,9
20260917,student_threat,30
20260918,other,4
20260918,pandemic,2
20260918,student_threat,33
20260919,other,2
20260919,student_threat,8
20260920,student_threat,2