day,DocumentIdentifier
20210929,https://www.wkyc.com/article/news/local/cuyahoga-county/shaker-heights-high-school-possible-threat/95-b7f441ff-bfc0-45d2-bff6-809bde62efaa
20210929,https://www.timesofisrael.com/strikes-green-pass-chaos-and-testing-hesitancy-threatens-return-to-school/
20210929,https://dailyvoice.com/new-york/mamaroneck/schools/students-at-westchester-high-school-evacuated-after-bomb-threat/817149/
20210929,https://www.wusa9.com/article/news/local/maryland/school-lockdown-assaults-stabbing-annapolis/65-a2c81b1f-e6eb-43f8-8e52-bcde13912a3e
20210929,https://wiba.iheart.com/featured/madison-in-the-morning/content/2021-09-29-mmsd-adds-extra-patrol-officers-at-2-schools-due-to-threats/
20210929,https://www.11alive.com/article/news/local/woodland-high-school-lockdown/85-a6a77a47-2de4-463e-bbe4-9242ca6178ad
20210929,https://klvi.iheart.com/content/2021-09-29-lockdown-following-threat-at-west-brook-high-school/
20210929,https://kyma.com/news/crime/2021/09/28/threat-at-yuma-school-turns-out-to-be-false-alarm/
20210929,https://wgan.com/news/074470-msad-6-schools-to-close-thursday-due-to-social-media-threat/
20210929,https://www.nbcwashington.com/news/local/annapolis-high-school-lockdown-after-fights-assaults/2816232/
20210929,https://www.koco.com/article/ponca-city-high-school-locked-down-as-a-precaution-due-to-social-media-threat/37793643
20210929,https://www.defenseone.com/threats/2021/09/covid-19-outbreak-hits-usmc-officer-candidates-school/185694/
20210929,https://www.newscentermaine.com/article/news/education/officials-investigating-active-threat-at-bonny-eagle-high-school-standish-maine/97-f179023d-2c1a-43d6-a7de-766298681a2b
20210929,https://www.techdirt.com/articles/20200421/13444844345/sheriff-sued-after-threatening-to-arrest-high-school-student-over-her-coronavirus-related-instagram-posts.shtml
20210929,https://www.fox5atlanta.com/news/families-threaten-to-sue-cobb-county-schools-over-lack-of-covid-safety-measures
20210929,https://www.fox5atlanta.com/news/stockbridge-schools-on-lockdown-after-report-of-weapon-on-campus-district-says
20210929,https://www.12newsnow.com/article/news/local/fire-alarm-additional-threat-results-in-evacuation-of-west-brook-high-school/502-003ba978-2093-4d54-a79e-f1bf32e55d62
20210929,https://www.wglr.com/2021/09/29/mpd-to-patrol-grounds-at-2-mmsd-schools-following-vague-threatening-remarks-made-on-snapchat/
20210929,https://www.manxradio.com/news/isle-of-man-news/willaston-school-incident-a-hoax-bomb-threat-police/
20210929,https://dailyvoice.com/new-york/yorktown/schools/students-at-westchester-high-school-evacuated-after-bomb-threat/817149/
20210929,https://www.kristv.com/news/local-news/king-hs-annapolis-christian-school-among-schools-targeted-in-social-media-threats
20210929,https://www.berkshireeagle.com/news/central_berkshires/taconic-high-school-fight-brings-threat-of-suspension-pittsfield/article_a3649968-2132-11ec-b6af-835cb3d574f6.html
20210929,https://www.x1071.com/2021/09/29/mpd-to-patrol-grounds-at-2-mmsd-schools-following-vague-threatening-remarks-made-on-snapchat/
20210929,https://www.skynews.com.au/australia-news/coronavirus/nsw-set-to-reopen-schools-in-lockdown-areas-a-week-earlier-than-previously-flagged/news-story/df82058f8a5a9b9baab836cbfbb92f6b
20210929,https://signalscv.com/2021/09/10th-grade-student-accused-of-making-criminal-threats-at-hart-high-school-detained/
20210929,https://www.9news.com/article/news/local/salida-high-school-principal-arrested-lockdown/73-babb880a-ee62-463d-8873-0e688a995305
20210929,https://www.theboltonnews.co.uk/news/19609809.olive-schools-lockdown-teaching-highlighted-government-report/
20210929,https://www.pressherald.com/2021/09/29/officials-investigating-threat-at-bonny-eagle-high-school/
20210929,https://wacotrib.com/opinion/columnists/kimberly-clarida-and-david-dematthews-texas-black-school-leaders-need-support-as-rising-tensions-threaten/article_64e1f0ce-20d7-11ec-bb5c-e3b28d5c277d.html
20210929,https://92moose.fm/threat-shared-online-forces-closure-of-southern-maine-high-school/
20210929,https://www.yumasun.com/news/ypd-threat-vs-yuma-school-not-credible/article_ac014b76-20b9-11ec-8932-53042e7c2c24.html
20210929,https://www.cbs46.com/news/woodland-high-school-in-henry-county-on-hard-lockdown/article_55387664-2147-11ec-b7cb-832dfb31f6f6.html
20210929,https://westchester.news12.com/bomb-threat-forces-evacuation-at-yonkers-middle-high-school
20210929,https://wtop.com/anne-arundel-county/2021/09/annapolis-high-school-on-lockdown-after-multiple-serious-assaults/
20210929,https://whky.com/reported-threat-of-mass-violence-at-school-leads-to-arrest-of-juvenile/
20210929,https://www.wtsp.com/article/news/crime/school-lockdown-assaults-stabbing-annapolis/65-a2c81b1f-e6eb-43f8-8e52-bcde13912a3e
20210929,https://www.channel3000.com/mpd-to-patrol-grounds-at-2-mmsd-schools-following-vague-threatening-remarks-made-on-snapchat/
20210929,https://kiss1045fm.iheart.com/content/2021-09-29-lockdown-following-threat-at-west-brook-high-school/
20210929,https://kykr.iheart.com/content/2021-09-29-lockdown-following-threat-at-west-brook-high-school/
20210929,https://patch.com/rhode-island/newport/lockdown-lifted-rogers-high-school-no-intruder-principal
20210929,https://www.hometownstation.com/santa-clarita-news/crime/10th-grader-detained-after-making-threats-at-hart-high-school-391749
20210929,https://www.wbal.com/article/535267/2/annapolis-high-school-on-lockdown-following-several-fights
20210929,https://www.yesweekly.com/news/jamestown_news/jamestown-teen-arrested-after-school-threats/article_eb2ce1ec-2150-11ec-9b3f-ff8bb69df727.html
20210929,https://www.rnz.co.nz/news/national/452546/auckland-parents-prepare-for-school-holidays-in-lockdown
20210930,https://wusfnews.wusf.usf.edu/2021-09-30/school-boards-are-asking-for-federal-help-as-they-face-threats-and-violence
20210930,https://www.kwit.org/post/school-boards-are-asking-federal-help-they-face-threats-and-violence
20210930,https://dailyvoice.com/new-york/harrison/schools/westchester-school-temporarily-evacuated-due-to-reported-threat/817218/
20210930,https://www.wfmz.com/news/school-board-group-asks-us-for-help-policing-threats/article_4e1f5915-3e48-5ca1-8ad1-fb4b932c3b37.html
20210930,https://www.kawc.org/post/school-boards-are-asking-federal-help-they-face-threats-and-violence
20210930,https://www.z937.com/news/school-board-group-asks-for-federal-help-to-stop-threats-and-violence-in-debates-on-covid-and-critical-race-theory/
20210930,https://www.katc.com/news/national/national-school-board-group-asks-biden-for-help-dealing-with-threats
20210930,https://www.wcvb.com/article/increased-police-presence-at-schools-in-waltham-lawrence-haverhill-after-threats-made/37802719
20210930,https://www.publicradiotulsa.org/post/school-boards-are-asking-federal-help-they-face-threats-and-violence
20210930,https://www.dailyitem.com/region/school-board-group-asks-us-for-help-policing-threats/article_1bd0931a-8a78-5f78-96db-ee759b838655.html
20210930,https://www.pressherald.com/2021/09/30/national-school-board-group-asks-for-federal-help-policing-threats-including-over-masks/
20210930,https://www.wglt.org/2021-09-30/school-boards-are-asking-for-federal-help-as-they-face-threats-and-violence
20210930,https://www.seacoastonline.com/story/news/local/2021/09/30/york-police-high-school-lockdown-maine-incident-reported/5931073001/
20210930,https://westchester.news12.com/security-on-heightened-alert-at-schools-after-3-separate-threats
20210930,https://www.berkshireeagle.com/ap/politics/school-board-group-asks-us-for-help-policing-threats/article_69c04954-996a-5815-9499-6fb75b7d8dd0.html
20210930,https://omaha.com/news/national/school-board-group-asks-us-for-help-policing-threats/article_642f8a05-3de0-5f00-8e21-379180d24368.html
20210930,https://www.kanw.com/post/school-boards-are-asking-federal-help-they-face-threats-and-violence
20210930,https://dailyvoice.com/new-york/harrison/schools/students-at-westchester-high-school-evacuated-after-bomb-threat/817149/
20210930,https://www.townsvillebulletin.com.au/coronavirus/oecd-says-2021-students-should-be-offered-summer-school-after-lockdowns/news-story/54fe8f29e85bd748ff968a5d33b2dfd5&memtype=anonymous&mode=premium&nk=fa865d77e43b1f4a0868f8644766ea0f-1633006945
20210930,https://literock969.com/vineland-public-schools-closed-thursday-after-shooting-threat/
20210930,https://katcountry989.com/2021/09/30/u-s-school-board-group-asks-biden-for-help-against-growing-threat/
20210930,https://www.abc10.com/article/news/local/yuba-city-high-school-gun-lockdown/103-9b94c4c3-79cb-4f56-891b-4c9154c49073
20210930,https://patch.com/us/across-america/angry-mobs-threats-prompt-school-boards-seek-fbi-assistance
20210930,https://www.kasu.org/2021-09-30/school-boards-are-asking-for-federal-help-as-they-face-threats-and-violence
20210930,https://www.wmra.org/post/school-boards-are-asking-federal-help-they-face-threats-and-violence
20210930,https://www.wemu.org/post/school-boards-are-asking-federal-help-they-face-threats-and-violence
20210930,https://www.wfnc640am.com/news/school-board-group-asks-for-federal-help-to-stop-threats-and-violence-in-debates-on-covid-and-critical-race-theory/
20210930,http://www.msn.com/en-us/news/us/mask-crazed-parents-make-bizarre-threat-to-defund-own-school/ar-AAP0uhP
20210930,https://www.wfae.org/education/2021-09-30/threats-and-disruption-at-recent-school-board-meetings-alarm-nc-education-officials
20210930,https://www.kios.org/post/school-boards-are-asking-federal-help-they-face-threats-and-violence
20210930,https://www.knau.org/post/school-boards-are-asking-federal-help-they-face-threats-and-violence
20210930,https://www.newsweek.com/school-board-group-compares-threats-over-covid-protocols-terrorism-letter-biden-1634413
20210930,https://www.newsweek.com/labor-board-lawyer-threatens-sue-schools-ncaa-describing-players-student-athletes-1634395
20210930,https://www.wcbe.org/post/school-boards-are-asking-federal-help-they-face-threats-and-violence
20210930,https://www.concordmonitor.com/School-board-group-asks-US-for-help-policing-threats-42773265
20210930,https://www.krrq.com/news/school-board-group-asks-for-federal-help-to-stop-threats-and-violence-in-debates-on-covid-and-critical-race-theory/
20210930,https://dailyvoice.com/new-york/bedford/schools/students-at-westchester-high-school-evacuated-after-bomb-threat/817149/
20210930,https://nj1015.com/school-shooting-threat-that-closed-nj-schools-was-viral-message-cops-say/
20210930,https://www.klcc.org/post/school-boards-are-asking-federal-help-they-face-threats-and-violence
20210930,https://www.kunm.org/post/school-boards-are-asking-federal-help-they-face-threats-and-violence
20210930,https://www.hjnews.com/nation/school-board-group-asks-us-for-help-policing-threats/article_db31ac9c-498c-52db-9483-4d1986d35b6f.html
20210930,https://www.kvnf.org/post/school-boards-are-asking-federal-help-they-face-threats-and-violence
20210930,https://www.albanyherald.com/news/school-board-group-asks-for-federal-help-to-stop-threats-and-violence-in-debates-on/article_61619df8-565a-5814-a98b-2c03ce148d57.html
20210930,https://www.smdailyjournal.com/news/national/school-board-group-asks-us-for-help-policing-threats/article_542c8236-222a-11ec-9be0-07c40f7408e1.html
20210930,https://www.kpbs.org/news/national/2021/09/30/school-boards-are-asking-for-federal-help-as-they-face-threats-and-violence
20210930,https://www.mymix1061.com/news/school-board-group-asks-for-federal-help-to-stop-threats-and-violence-in-debates-on-covid-and-critical-race-theory/
20210930,https://mynorthwest.com/3172265/school-board-group-asks-us-for-help-policing-threats/
20210930,https://www.msn.com/en-us/news/crime/the-alachua-county-sheriff-s-office-gpd-and-other-officials-gather-to-address-threats-of-violence-in-schools/ar-AAP0Cxs
20210930,https://www.mystar98.com/news/school-board-group-asks-for-federal-help-to-stop-threats-and-violence-in-debates-on-covid-and-critical-race-theory/
20210930,https://www.kzyx.org/post/school-boards-are-asking-federal-help-they-face-threats-and-violence
20210930,https://www.kvrr.com/2021/09/30/student-brawl-leads-to-lockdown-at-moorhead-high-school/
20210930,https://www.wsls.com/news/politics/2021/09/30/school-board-group-asks-us-for-help-policing-threats/
20210930,https://www.bgdailynews.com/news/national/school-board-group-asks-us-for-help-policing-threats/article_02688a87-3668-5a00-9602-e37867e9b4b1.html
20210930,https://lite987.com/what-you-need-to-know-utica-police-responds-to-social-media-school-shooting-threat/
20210930,https://dailyprogress.com/news/national/school-board-group-asks-us-for-help-policing-threats/article_07568841-7e58-5b99-aa0d-aaec720be899.html
20210930,https://www.790wpic.com/news/school-board-group-asks-for-federal-help-to-stop-threats-and-violence-in-debates-on-covid-and-critical-race-theory/
20210930,https://kfgo.com/2021/09/30/u-s-school-board-group-asks-biden-for-help-against-growing-threat/
20210930,https://buffalonews.com/news/national/school-board-group-asks-us-for-help-policing-threats/article_e90c910a-b2f3-53f5-89a3-39c12c4fc97c.html
20210930,https://www.prweb.com/releases/morphisec_releases_2021_education_cybersecurity_threat_index_as_the_long_term_reality_of_hybrid_learning_heightens_cybersecurity_risks_for_schools/prweb18235010.htm
20210930,https://www.wvnews.com/statejournal/news/wvnews/west-virginia-county-school-system-alerts-parents-of-potential-threat/article_0ebe0ac4-21d7-11ec-8466-af81d8b81b47.html
20210930,https://abc17news.com/news/national-world/cnn-national/2021/09/30/school-board-group-asks-for-federal-help-to-stop-threats-and-violence-in-debates-on-covid-and-critical-race-theory/
20210930,https://www.klik1240.com/news/school-board-group-asks-for-federal-help-to-stop-threats-and-violence-in-debates-on-covid-and-critical-race-theory/
20210930,https://www.reformer.com/ap/national/school-board-group-asks-us-for-help-policing-threats/article_283d1d07-cb1c-5984-9c93-260454545716.html
20210930,https://www.winknews.com/2021/09/30/school-board-group-asks-us-for-help-policing-threats/
20210930,https://mymixfm.com/2021/09/30/u-s-school-board-group-asks-biden-for-help-against-growing-threat/
20210930,https://listen.sdpb.org/2021-09-30/school-boards-are-asking-for-federal-help-as-they-face-threats-and-violence
20210930,https://www.hometownstations.com/news/national/school-board-group-asks-us-for-help-policing-threats/article_9b683b43-8c56-582b-b13d-26a2fedd0b4d.html
20210930,https://www.max94one.com/news/school-board-group-asks-for-federal-help-to-stop-threats-and-violence-in-debates-on-covid-and-critical-race-theory/
20210930,https://www.kmaj1440.com/news/school-board-group-asks-for-federal-help-to-stop-threats-and-violence-in-debates-on-covid-and-critical-race-theory/
20210930,https://tucson.com/news/national/school-board-group-asks-us-for-help-policing-threats/article_58b8c7c5-1e56-5e2a-8b0c-dd9c47c39e15.html
20210930,https://www.93q.com/news/school-board-group-asks-for-federal-help-to-stop-threats-and-violence-in-debates-on-covid-and-critical-race-theory/
20210930,https://www.sentinelsource.com/news/local/keene-high-school-threat-found-to-be-false-alarm/article_63163251-6d5c-5123-b61b-9842288b3bf3.html
20210930,https://keyt.com/news/crime/2021/09/29/ventura-woman-accused-of-following-threatening-student-walking-to-school/
20210930,https://www.wcoapensacola.com/news/school-board-group-asks-for-federal-help-to-stop-threats-and-violence-in-debates-on-covid-and-critical-race-theory/
20210930,"http://www.asianews.it/news-en/Hong-Kong,-even-15-year-olds-in-school-uniforms-are-a-threat-to-national-security-54178.html"
20210930,https://www.upr.org/post/school-boards-are-asking-federal-help-they-face-threats-and-violence
20210930,https://www.chronicleonline.com/news/national/school-board-group-asks-us-for-help-policing-threats/article_952e39b8-0311-5131-ba91-a79ac33640ac.html
20210930,https://www.1021thefox.com/news/school-board-group-asks-for-federal-help-to-stop-threats-and-violence-in-debates-on-covid-and-critical-race-theory/
20210930,https://www.ksmb.com/news/school-board-group-asks-for-federal-help-to-stop-threats-and-violence-in-debates-on-covid-and-critical-race-theory/
20210930,https://www.khou.com/article/news/local/tomball-isd-schools-on-lockdown-after-911-caller-makes-bomb-threat-police-say/285-f3db4c84-7f69-46cf-b908-183ae9837d88
20210930,https://catcountry1073.com/vineland-public-schools-closed-thursday-after-shooting-threat/
20210930,https://www.wlsam.com/news/school-board-group-asks-for-federal-help-to-stop-threats-and-violence-in-debates-on-covid-and-critical-race-theory/
20210930,https://www.newsradio1029.com/news/school-board-group-asks-for-federal-help-to-stop-threats-and-violence-in-debates-on-covid-and-critical-race-theory/
20210930,https://www.kgou.org/education/2021-09-30/school-boards-are-asking-for-federal-help-as-they-face-threats-and-violence
20210930,https://www.thedailytimes.com/news/state_region/school-board-group-asks-us-for-help-policing-threats/article_5730afd4-e63e-5f3d-bd1d-9f904ab2b9b7.html
20210930,https://www.abqjournal.com/2434162/school-board-group-asks-us-for-help-policing-threats.html
20210930,https://www.record-eagle.com/nation_world/school-board-group-asks-us-for-help-policing-threats/article_4fbba72e-0e84-5212-807b-6e37ce345964.html
20210930,https://www.wfae.org/united-states-world/2021-09-30/school-boards-are-asking-for-federal-help-as-they-face-threats-and-violence
20210930,https://www.sandiegouniontribune.com/news/california/story/2021-09-30/school-board-group-asks-us-for-help-policing-threats
20210930,https://localnews8.com/news/2021/09/30/school-board-group-asks-for-federal-help-to-stop-threats-and-violence-in-debates-on-covid-and-critical-race-theory/
20210930,https://www.iowapublicradio.org/news-from-npr/2021-09-30/school-boards-are-asking-for-federal-help-as-they-face-threats-and-violence
20210930,https://wifc.com/2021/09/30/auburndale-high-school-evacuated-after-bomb-threat/
20210930,https://kuow.org/stories/school-boards-are-asking-for-federal-help-as-they-face-threats-and-violence
20210930,https://www.wfmj.com/story/44863021/school-board-group-asks-us-for-help-policing-threats
20210930,https://wsau.com/2021/09/30/auburndale-high-school-evacuated-after-bomb-threat/
20210930,https://www.aspendailynews.com/associated_press/school-board-group-asks-us-for-help-policing-threats/article_e58071b4-8512-59cd-854f-fdfff453be5e.html
20210930,https://www.edweek.org/policy-politics/school-boards-ask-biden-to-review-threats-and-violence-as-possible-domestic-terrorism/2021/09
20210930,https://www.wrcbtv.com/story/44862060/ringgold-middle-school-student-charged-after-making-threats-on-social-media
20210930,https://www.columbian.com/news/2021/sep/30/school-board-group-asks-u-s-for-help-policing-threats/
20210930,http://www.msn.com/en-us/news/us/terrorism-and-hate-crimes-school-boards-say-death-threats-unruly-meetings-require-fbi/ar-AAP0Km0
20210930,https://www.wbaa.org/post/school-boards-are-asking-federal-help-they-face-threats-and-violence
20210930,https://www.q106dot5.com/news/school-board-group-asks-for-federal-help-to-stop-threats-and-violence-in-debates-on-covid-and-critical-race-theory/
20210930,https://kelo.com/2021/09/30/u-s-school-board-group-asks-biden-for-help-against-growing-threat/
20210930,https://www.whqr.org/national/2021-09-30/school-boards-are-asking-for-federal-help-as-they-face-threats-and-violence
20210930,https://wiky.com/2021/09/30/u-s-school-board-group-asks-biden-for-help-against-growing-threat/
20210930,https://bigfrog104.com/what-you-need-to-know-utica-police-responds-to-social-media-school-shooting-threat/
20210930,https://www.kxly.com/i/school-board-group-asks-us-for-help-policing-threats/
20210930,https://cumberlink.com/news/national/school-board-group-asks-us-for-help-policing-threats/article_064ef70f-13ef-51e7-9780-ef8c18691aae.html
20210930,https://news.wsiu.org/2021-09-30/school-boards-are-asking-for-federal-help-as-they-face-threats-and-violence
20210930,https://qctimes.com/news/national/school-board-group-asks-us-for-help-policing-threats/article_eca53e7a-b3b1-564e-95ba-c2f4e4e194eb.html
20210930,https://www.news8000.com/west-salem-police-investigate-threat-to-school-say-no-immediate-concern/
20210930,https://www.wnewsj.com/news/180423/national-school-board-group-asks-us-for-help-policing-threats
20210930,https://www.wprl.org/post/school-boards-are-asking-federal-help-they-face-threats-and-violence
20210930,https://www.rockymounttelegram.com/news/national/school-board-group-asks-us-for-help-policing-threats/article_eb88a86c-3881-5035-a669-5e7abca5f777.html
20210930,https://www.kaaltv.com/national-news/school-board-group-asks-us-for-help-policing-threats/6255023/?cat=10159
20210930,https://www.knek.com/news/school-board-group-asks-for-federal-help-to-stop-threats-and-violence-in-debates-on-covid-and-critical-race-theory/
20210930,https://www.thedenverchannel.com/news/local-news/salida-principal-arrested-for-refusing-to-cooperate-with-officers-during-school-lockdown-says
20210930,https://www.israeltoday.co.il/read/israels-booster-shot-policy-threatens-return-to-school/
20210930,https://www.goshennews.com/news/national_news/school-board-group-asks-us-for-help-policing-threats/article_5917b4fd-ab53-549c-be9d-1d1a02268a15.html
20210930,https://www.eagletribune.com/news/schools-investigate-threatening-snapchat-image/article_a3447b08-21ee-11ec-a632-0370e619a7bd.html
20210930,https://www.click2houston.com/news/local/2021/09/30/bomb-threat-reported-at-tomball-high-school-authorities-say/
20210930,https://www.wjcw.com/news/school-board-group-asks-for-federal-help-to-stop-threats-and-violence-in-debates-on-covid-and-critical-race-theory/
20210930,https://www.wvnews.com/news/wvnews/west-virginia-county-school-system-alerts-parents-of-potential-threat/article_0ebe0ac4-21d7-11ec-8466-af81d8b81b47.html
20210930,https://www.centralmaine.com/2021/09/30/national-school-board-group-asks-for-federal-help-policing-threats-including-over-masks/
20210930,https://www.wjsu.org/post/school-boards-are-asking-federal-help-they-face-threats-and-violence
20210930,https://www.wvnews.com/news/wvnews/update-west-virginia-police-continue-investigation-into-school-threat-but-find-credible-evidence-to-a/article_0ebe0ac4-21d7-11ec-8466-af81d8b81b47.html
20210930,https://yorknewstimes.com/news/national/school-board-group-asks-us-for-help-policing-threats/article_fec925b7-3ac7-582d-9600-3efea86c949a.html
20210930,https://poststar.com/news/national/school-board-group-asks-us-for-help-policing-threats/article_b97a8c11-c19b-52f3-82c9-56f486db0be4.html
20210930,https://www.thedailyreview.com/news/national/school-board-group-asks-us-for-help-policing-threats/article_09b78bd6-9f3f-5377-a1d1-145cb466498f.html
20210930,https://www.wxxinews.org/post/school-boards-are-asking-federal-help-they-face-threats-and-violence
20210930,https://www.kazu.org/npr-news/2021-09-30/school-boards-are-asking-for-federal-help-as-they-face-threats-and-violence
20210930,https://www.wrvo.org/2021-09-30/school-boards-are-asking-for-federal-help-as-they-face-threats-and-violence
20210930,https://www.snopes.com/ap/2021/09/30/school-board-group-asks-us-for-help-policing-threats/
20210930,https://www.kgoradio.com/news/school-board-group-asks-for-federal-help-to-stop-threats-and-violence-in-debates-on-covid-and-critical-race-theory/
20210930,https://www.whig.com/ap/national/school-board-group-asks-us-for-help-policing-threats/article_d5ef23ef-db24-5fe8-be82-c4756e51c94a.html
20210930,https://www.startribune.com/school-board-group-asks-us-for-help-policing-threats/600102312/
20210930,https://www.kacu.org/2021-09-30/school-boards-are-asking-for-federal-help-as-they-face-threats-and-violence
20210930,https://www.kkgb.com/news/school-board-group-asks-for-federal-help-to-stop-threats-and-violence-in-debates-on-covid-and-critical-race-theory/
20210930,https://www.790business.com/news/school-board-group-asks-for-federal-help-to-stop-threats-and-violence-in-debates-on-covid-and-critical-race-theory/
20210930,https://www.gulf104.com/news/school-board-group-asks-for-federal-help-to-stop-threats-and-violence-in-debates-on-covid-and-critical-race-theory/
20210930,https://www.kugn.com/news/school-board-group-asks-for-federal-help-to-stop-threats-and-violence-in-debates-on-covid-and-critical-race-theory/
20210930,https://www.wrcbtv.com/story/44863621/school-board-group-asks-for-federal-help-to-stop-threats-and-violence-in-debates-on-covid-and-critical-race-theory
20210930,https://www.spokanepublicradio.org/post/school-boards-are-asking-federal-help-they-face-threats-and-violence
20210930,https://www.kwin.com/news/school-board-group-asks-for-federal-help-to-stop-threats-and-violence-in-debates-on-covid-and-critical-race-theory/
20210930,https://wibx950.com/what-you-need-to-know-utica-police-responds-to-social-media-school-shooting-threat/
20210930,https://www.wmac-am.com/news/school-board-group-asks-for-federal-help-to-stop-threats-and-violence-in-debates-on-covid-and-critical-race-theory/
20210930,https://www.wcsufm.org/post/school-boards-are-asking-federal-help-they-face-threats-and-violence
20210930,https://www.kfru.com/news/school-board-group-asks-for-federal-help-to-stop-threats-and-violence-in-debates-on-covid-and-critical-race-theory/
20210930,https://www.newburyportnews.com/news/school-board-group-asks-us-for-help-policing-threats/article_65fa4c1f-dd37-5ce0-9945-0fc383c575f4.html
20210930,https://www.thedailyjournal.com/story/news/2021/09/29/social-media-threat-vineland-school-district-closure/5925890001/
20210930,https://www.idahostatejournal.com/news/national/school-board-group-asks-us-for-help-policing-threats/article_235c05ce-ac87-5c87-b923-865c64ca1eb6.html
20210930,https://www.wkyc.com/article/news/education/solon-high-school-goes-into-limited-educational-lockdown-after-bullet-found-gym-locker/95-4bf12b66-6bad-4e99-b6b4-f0ee88b1ac9f
20210930,https://www.npr.org/sections/back-to-school-live-updates/2021/09/30/1041870027/school-boards-federal-help-threats-violence
20210930,https://missoulian.com/news/national/school-board-group-asks-us-for-help-policing-threats/article_02499d68-62d4-53ba-8708-06d2ad3127b5.html
20210930,https://www.wgowam.com/news/school-board-group-asks-for-federal-help-to-stop-threats-and-violence-in-debates-on-covid-and-critical-race-theory/
20210930,https://dailyvoice.com/new-york/scarsdale/schools/students-at-westchester-high-school-evacuated-after-bomb-threat/817149/
20210930,https://www.msn.com/en-us/news/us/peabody-high-takes-safety-steps-after-ma-school-threat/ar-AAP0hhE
20210930,https://nj1015.com/shooting-threat-closes-all-schools-in-nj-district-other-schools-officials-also-menaced/
20210930,https://www.ketr.org/2021-09-30/school-boards-are-asking-for-federal-help-as-they-face-threats-and-violence
20210930,https://bigdog106.iheart.com/content/2021-09-29-lockdown-following-threat-at-west-brook-high-school/
20210930,https://dailyvoice.com/new-york/pelham/schools/students-at-westchester-high-school-evacuated-after-bomb-threat/817149/
20210930,https://abcnews.go.com/Health/wireStory/school-board-group-asks-us-policing-threats-80328174
20210930,https://www.knau.org/post/school-board-group-asks-us-help-policing-threats
20210930,https://www.therebelrocks.com/news/school-board-group-asks-for-federal-help-to-stop-threats-and-violence-in-debates-on-covid-and-critical-race-theory/
20210930,https://www.nwitimes.com/news/state-and-regional/illinois/school-board-group-asks-us-for-help-policing-threats/article_e68f1c78-47b9-5d0b-9e4c-1a66784da3cd.html
20210930,https://www.mtpr.org/2021-09-30/school-boards-are-asking-for-federal-help-as-they-face-threats-and-violence
20210930,https://www.msn.com/en-us/news/us/mask-crazed-parents-make-bizarre-threat-to-defund-own-school/ar-AAP0uhP
20210930,https://www.wfmj.com/story/44862960/school-board-group-asks-us-for-help-policing-threats
20210930,https://www.og979.com/news/school-board-group-asks-for-federal-help-to-stop-threats-and-violence-in-debates-on-covid-and-critical-race-theory/
20210930,https://www.kunc.org/npr-news/2021-09-30/school-boards-are-asking-for-federal-help-as-they-face-threats-and-violence
20210930,https://www.msn.com/en-us/news/crime/increased-police-presence-at-schools-in-waltham-lawrence-haverhill-after-threats-made/ar-AAOZvT8
20210930,https://news.wfsu.org/all-npr-news/2021-09-30/school-boards-are-asking-for-federal-help-as-they-face-threats-and-violence
20210930,https://patch.com/massachusetts/peabody/peabody-high-takes-safety-steps-after-ma-school-threat
20210930,https://sojo1049.com/vineland-public-schools-closed-thursday-after-shooting-threat/
20210930,https://www.tampabay.com/news/education/2021/09/30/us-school-board-group-seeks-help-policing-threats-in-states-including-florida/
20210930,https://tdn.com/news/national/school-board-group-asks-us-for-help-policing-threats/article_e3968b0e-4b5f-59db-9629-936e836890c9.html
20210930,https://wabx.net/2021/09/30/u-s-school-board-group-asks-biden-for-help-against-growing-threat/
20210930,https://dailyvoice.com/new-york/cortlandt/schools/westchester-school-temporarily-evacuated-due-to-reported-threat/817218/
20210930,https://wkzo.com/2021/09/30/u-s-school-board-group-asks-biden-for-help-against-growing-threat/
20210930,https://www.13newsnow.com/article/news/local/mycity/newport-news/booker-t-middle-school-lockdown-police-search-for-wanted-man-in-newport-news/291-f4d8c604-d393-4d1e-8cd2-3f9e8d32050b
20210930,https://www.timesargus.com/news/national/school-board-group-asks-us-for-help-policing-threats/article_7aff0e08-0d21-5082-bb8b-97ca6e7deef3.html
20210930,https://cool925.iheart.com/content/2021-09-29-lockdown-following-threat-at-west-brook-high-school/
20210930,https://www.wqut.com/news/school-board-group-asks-for-federal-help-to-stop-threats-and-violence-in-debates-on-covid-and-critical-race-theory/
20210930,https://www.wksu.org/npr-news/2021-09-30/school-boards-are-asking-for-federal-help-as-they-face-threats-and-violence
20210930,https://www.newstalk1030.com/news/school-board-group-asks-for-federal-help-to-stop-threats-and-violence-in-debates-on-covid-and-critical-race-theory/
20210930,https://www.ottumwacourier.com/news/coronavirus/school-board-group-asks-us-for-help-policing-threats/article_6503d5f7-30ce-5faf-98d0-b0cffcd425d6.html
20210930,https://wdez.com/2021/09/30/auburndale-high-school-evacuated-after-bomb-threat/
20210930,https://www.postregister.com/news/national/school-board-group-asks-us-for-help-policing-threats/article_b7b60e7f-4929-5d2b-b4ca-96bfe74220d1.html
20210930,https://www.wogb.fm/news/school-board-group-asks-for-federal-help-to-stop-threats-and-violence-in-debates-on-covid-and-critical-race-theory/
20210930,https://wcfcourier.com/news/national/school-board-group-asks-us-for-help-policing-threats/article_c2577ffc-2c78-5127-bef9-38fbf21d1793.html
20210930,https://madison.com/news/national/school-board-group-asks-us-for-help-policing-threats/article_1c4ff1f2-3196-5431-a0b8-a6152daa637d.html
20210930,https://www.news4jax.com/news/local/2021/09/30/students-face-expulsion-criminal-charges-after-alachua-schools-hit-with-threats-evacuations-vandalism/
20210930,https://wfuv.org/content/school-boards-are-asking-federal-help-they-face-threats-and-violence
20210930,https://www.swoknews.com/ap/national/school-board-group-asks-us-for-help-policing-threats/article_70a92f6b-6cbd-519a-908b-6a1dfc13cb5b.html
20210930,https://www.z1023online.com/news/school-board-group-asks-for-federal-help-to-stop-threats-and-violence-in-debates-on-covid-and-critical-race-theory/
20210930,https://infotel.ca/newsitem/why-kamloops-school-staff-threat-to-cut-indigenous-students-braided-hair-is-more-serious-than-it-sounds/it86126
20210930,https://www.delmarvapublicmedia.org/post/school-boards-are-asking-federal-help-they-face-threats-and-violence
20210930,https://www.kiiitv.com/article/news/local/social-media-threats-coastal-bend-schools/503-c8bc93bc-4aa4-42e3-a43c-5b8996e20db7
20210930,https://nptelegraph.com/news/national/school-board-group-asks-us-for-help-policing-threats/article_931bddb4-a032-55e2-b4d1-7e84583631fa.html
20210930,https://auburnpub.com/news/national/school-board-group-asks-us-for-help-policing-threats/article_06f1ffc1-9641-561d-977e-f3a7d5356684.html
20210930,https://www.wkms.org/npr-news/2021-09-30/school-boards-are-asking-for-federal-help-as-they-face-threats-and-violence
20210930,https://www.news-gazette.com/news/nation-world/school-board-group-asks-us-for-help-policing-threats/article_c78680c0-99f0-54e1-a31a-c97af11630d7.html
20210930,https://www.wuft.org/nation-world/2021/09/30/school-boards-are-asking-for-federal-help-as-they-face-threats-and-violence/
20210930,https://www.wkyc.com/article/news/health/coronavirus/school-board-group-asks-for-help-policing-threats/530-b6a5c0c7-4095-46a8-a3b6-5919398529bc
20210930,https://www.bpr.org/post/school-boards-are-asking-federal-help-they-face-threats-and-violence
20210930,https://www.smdailyjournal.com/news/national/school-board-group-asks-us-for-help-policing-threats/article_06a7c072-7d53-5d00-abeb-070aa244de55.html
20210930,https://www.berkshireeagle.com/ap/national/school-board-group-asks-us-for-help-policing-threats/article_69c04954-996a-5815-9499-6fb75b7d8dd0.html
20210930,https://www.montanarightnow.com/national_news/school-board-group-asks-us-for-help-policing-threats/article_e8651001-8a02-5add-af63-f24f41891858.html
20210930,https://www.whec.com/national/school-board-group-asks-us-for-help-policing-threats/6255018/?cat=10036
20210930,https://knpr.org/npr/2021-09/school-boards-are-asking-federal-help-they-face-threats-and-violence
20210930,https://wsau.com/2021/09/30/u-s-school-board-group-asks-biden-for-help-against-growing-threat/
20210930,https://961theeagle.com/what-you-need-to-know-utica-police-responds-to-social-media-school-shooting-threat/
20210930,https://www.krcu.org/post/school-boards-are-asking-federal-help-they-face-threats-and-violence
20210930,https://www.975thevibe.com/news/school-board-group-asks-for-federal-help-to-stop-threats-and-violence-in-debates-on-covid-and-critical-race-theory/
20210930,https://www.redeyeradioshow.com/news/school-board-group-asks-for-federal-help-to-stop-threats-and-violence-in-debates-on-covid-and-critical-race-theory/
20210930,https://www.1075thegame.com/news/school-board-group-asks-for-federal-help-to-stop-threats-and-violence-in-debates-on-covid-and-critical-race-theory/
20210930,https://www.997wtn.com/news/nashville-man-arrested-for-threatening-to-shoot-up-school/
20210930,https://patch.com/massachusetts/northandover/n-h-threat-lead-police-merrimack-valley-schools-patch-pm
20210930,https://www.yumasun.com/news/national_news/school-board-group-asks-us-for-help-policing-threats/article_77d57706-9c0d-534f-9dac-f799b2696bbc.html
20210930,https://www.kbull93.com/news/school-board-group-asks-for-federal-help-to-stop-threats-and-violence-in-debates-on-covid-and-critical-race-theory/
20210930,https://www.wboc.com/story/44862960/school-board-group-asks-us-for-help-policing-threats
20210930,https://starherald.com/news/national/school-board-group-asks-us-for-help-policing-threats/article_e77a6d25-5931-590e-ae17-4934bc73615a.html
20210930,https://www.wyomingpublicmedia.org/2021-09-30/school-boards-are-asking-for-federal-help-as-they-face-threats-and-violence
20210930,https://kvia.com/news/2021/09/30/school-board-group-asks-for-federal-help-to-stop-threats-and-violence-in-debates-on-covid-and-critical-race-theory/
20210930,https://santamariatimes.com/news/state-and-regional/school-board-group-asks-us-for-help-policing-threats/article_0157f99a-cccb-5659-9c24-7377afd8ca07.html
20210930,https://www.weaa.org/post/school-boards-are-asking-federal-help-they-face-threats-and-violence
20210930,https://www.foxla.com/news/threatening-social-media-message-raises-concerns-at-etiwanda-high-school
20210930,https://www.ktep.org/post/school-boards-are-asking-federal-help-they-face-threats-and-violence
20210930,https://dailyvoice.com/new-york/scarsdale/schools/westchester-school-temporarily-evacuated-due-to-reported-threat/817218/
20210930,https://www.fox17online.com/rebound/state-of-education/school-board-group-asks-us-for-help-policing-threats
20210930,https://www.mankatofreepress.com/region/school-board-group-asks-us-for-help-policing-threats/article_f18f3ccc-5417-5b44-9814-e54fac841964.html
20210930,https://www.postandcourier.com/politics/school-board-group-asks-us-for-help-policing-threats/article_2ff115ef-c4de-5fa6-b451-24b81aea6380.html
20210930,https://www.foxnews.com/us/sc-mom-threatened-middle-school-bullies
20210930,https://www.10tv.com/article/news/health/coronavirus/school-board-group-asks-for-help-policing-threats/530-b6a5c0c7-4095-46a8-a3b6-5919398529bc
20210930,https://arizonadailyindependent.com/2021/09/29/bagdad-high-school-student-who-threatened-to-shoot-up-school-charged-with-terrorist-acts/
20210930,https://www.wesm913.org/post/school-boards-are-asking-federal-help-they-face-threats-and-violence
20210930,https://www.news8000.com/i/school-board-group-asks-us-for-help-policing-threats/
20210930,https://www.wsmv.com/news/nashville-man-arrested-for-threatening-to-shoot-up-school/article_a7522e24-2159-11ec-b031-9bb2673fee92.html
20210930,https://www.msn.com/en-us/news/us/msad-6-portland-old-town-schools-all-closed-thursday-due-to-social-media-threat/ar-AAOYa0l
20210930,https://www.northernpublicradio.org/2021-09-30/school-boards-are-asking-for-federal-help-as-they-face-threats-and-violence
20210930,https://news.yahoo.com/author-threatening-note-hunking-school-224800729.html
20210930,https://www.y102montgomery.com/news/school-board-group-asks-for-federal-help-to-stop-threats-and-violence-in-debates-on-covid-and-critical-race-theory/
20210930,https://dailyvoice.com/new-york/whiteplains/news/new-bomb-threat-leads-to-evacuation-at-school-in-westchester/817261/
20210930,https://www.cbsnews.com/news/school-board-violent-threats-mask-mandates-critical-race-theory/
20210930,https://dothaneagle.com/news/national/school-board-group-asks-us-for-help-policing-threats/article_53699077-72ff-5107-b61e-da28d84589ca.html
20210930,https://www.erienewsnow.com/story/44863621/school-board-group-asks-for-federal-help-to-stop-threats-and-violence-in-debates-on-covid-and-critical-race-theory
20210930,https://www.northcountrypublicradio.org/news/npr/1041870027/school-boards-are-asking-for-federal-help-as-they-face-threats-and-violence
20210930,https://www.eagletribune.com/news/author-of-threatening-note-at-the-hunking-school-identified/article_ffb17384-2142-11ec-97b6-1f9e0220bd90.html
20210930,https://www.heraldbulletin.com/news/nation_world/school-board-group-asks-us-for-help-policing-threats/article_eb745e1f-aa35-584b-91c3-62b6cc5b5890.html
20210930,https://www.wdio.com/national/national-school-board-threats/6255038/?cat=10373
20210930,https://www.kwbu.org/post/school-boards-are-asking-federal-help-they-face-threats-and-violence
20210930,https://www.kokomotribune.com/news/nation_world_news/school-board-group-asks-us-for-help-policing-threats/article_1554ab8d-6c4a-5842-abdd-860618ac857c.html
20210930,https://www.bozemandailychronicle.com/ap_news/us/school-board-group-asks-us-for-help-policing-threats/article_962461e8-a693-56e8-8fa3-39cfb2471fe1.html
20210930,https://www.wuft.org/news/2021/09/30/alachua-county-sheriff-addresses-community-about-false-bomb-threats-at-high-schools/
20210930,https://www.meridianstar.com/news/nation_and_world/school-board-group-asks-us-for-help-policing-threats/article_f6bfdd5e-640a-55dd-8c60-f8a27a3fcd78.html
20210930,https://www.msn.com/en-us/news/us/maine-schools-closed-due-to-threat-made-on-snapchat/ar-AAOYcAL